1.1.189.58:8080,socks5,0.178754
005.252.161.48:8080,socks5,0.210698
1.10.189.84:44452,socks5,0.163687
1.0.170.50:152,socks5,0.212443
1.179.147.5:52210,socks5,0.100901
1.0.161.108:4145,socks5,0.202683
1.10.189.133:50855,socks5,0.171984
1.0.209.68:4145,socks5,0.181697
05.252.161.48:8080,socks5,0.205679
1.0.170.50:80,socks5,0.22933
1.179.144.41:8080,socks5,0.11108
1.10.141.220:54620,socks5,0.196987
1.1.220.100:8080,socks5,0.217682
,socks5,0.224234
1.10.227.170:4145,socks5,0.108862
1.13.21.26:33080,socks5,0.130998
1.0.205.87:8080,socks5,0.222556
6
1.179.136.98:8080,socks5,0.118403
1.10.140.43:4145,socks5,0.202973
1.0.130.173:4153,socks5,0.237776
1.0.133.100:51327,socks5,0.213687
1.179.198.226:56428,socks5,0.108316
1.0.209.52:4145,socks5,0.199373
1.0.208.152:4145,socks5,0.235098
1.0.160.166:4145,socks5,0.259297
1.179.173.114:4153,socks5,0.116936
1.179.148.9:36476,socks5,0.146775
1.186.40.2:39651,socks5,0.102214
1.186.213.67:5678,socks5,0.130089
1.1.167.218:4145,socks5,0.321709
1.186.85.38:1111,socks5,0.069733
1.186.40.9:39651,socks5,0.077479
1.186.60.25:4153,socks5,0.072215
1.198.111.141:9999,socks5,0.065184
1.197.204.125:9999,socks5,0.081765
1.186.40.177:39651,socks5,0.209077
1.194.151.165:38801,socks5,0.099082
1.2.252.65:8080,socks5,0.064927
1.2.183.219:8080,socks5,0.070924
1.20.166.142:8080,socks5,0.08174
1.20.100.111:41480,socks5,0.092267
1.2.180.111:4145,socks5,0.122179
1.20.184.75:4153,socks5,0.065559
1.196.177.196:9999,socks5,0.179993
1.20.198.254:4153,socks5,0.079786
1.20.169.236:8080,socks5,0.09966
1.20.100.45:43943,socks5,0.123142
1.199.193.100:38801,socks5,0.203114
1.20.207.91:8080,socks5,0.094836
1.20.220.79:4145,socks5,0.07913
1.20.210.166:1080,socks5,0.113639
1.20.95.95:5678,socks5,0.094668
1.20.221.109:4145,socks5,0.098222
1.20.96.164:4153,socks5,0.096643
1.179.148.9:55636,socks5,0.423953
1.20.96.30:4153,socks5,0.090306
1.20.97.181:34102,socks5,0.079021
1.20.96.156:4153,socks5,0.113144
1.231.3.104:80,socks5,0.06426
1.32.57.85:5678,socks5,0.085917
1.33.205.107:8118,socks5,0.09476
1.186.85.2:1111,socks5,0.335572
1.179.180.98:4145,socks5,0.477878
1.32.59.217:47045,socks5,0.1182
1.224.3.122:3888,socks5,0.104402
1.10.189.156:51336,socks5,0.608279
1.20.169.144:8080,socks5,0.288399
1.4.157.35:36202,socks5,0.134547
1.4.198.131:8081,socks5,0.139164
1.4.214.148:5678,socks5,0.139856
101.108.28.114:8080,socks5,0.109058
1.53.137.92:4145,socks5,0.126161
101.108.100.33:8080,socks5,0.125271
1.57.21.59:7302,socks5,0.122106
1.9.167.35:60489,socks5,0.127862
101.108.201.103:4145,socks5,0.12595
101.109.152.183:8080,socks5,0.120743
1.9.167.36:60489,socks5,0.140683
100.19.135.109:80,socks5,0.139476
1.20.217.52:8080,socks5,0.316713
101.109.176.36:8080,socks5,0.121738
101.109.158.73:8080,socks5,0.134832
101.109.37.166:8080,socks5,0.134055
101.109.176.221:8080,socks5,0.150371
101.109.251.42:4145,socks5,0.157894
101.109.38.195:8080,socks5,0.124695
101.109.41.137:4153,socks5,0.083325
101.109.52.122:8080,socks5,0.06797
101.109.62.41:8080,socks5,0.072765
101.200.127.149:3129,socks5,0.082845
101.132.36.83:3129,socks5,0.09368
101.231.166.98:443,socks5,0.062447
101.205.122.115:7302,socks5,0.096422
101.255.117.242:8080,socks5,0.076464
101.255.125.57:4145,socks5,0.083587
101.255.117.2:51122,socks5,0.080571
101.255.140.101:1081,socks5,0.096727
101.255.151.1:3128,socks5,0.072102
101.255.164.58:8080,socks5,0.080391
101.255.164.145:3128,socks5,0.099326
101.255.171.202:1080,socks5,0.078485
101.255.54.188:1081,socks5,0.083452
101.51.105.41:4145,socks5,0.082371
101.51.106.70:39164,socks5,0.080203
101.51.121.203:4153,socks5,0.079646
101.51.121.29:4153,socks5,0.079229
101.228.77.198:4145,socks5,0.204702
101.34.225.139:9999,socks5,0.101513
101.108.88.207:4145,socks5,0.390252
101.51.121.3:4153,socks5,0.086988
101.51.139.179:8080,socks5,0.097513
101.51.139.81:8080,socks5,0.0959
101.51.141.122:4153,socks5,0.081546
101.51.141.17:4153,socks5,0.080463
101.51.141.19:4153,socks5,0.075564
101.51.141.2:4153,socks5,0.074741
101.51.141.81:4153,socks5,0.086428
101.51.165.172:8080,socks5,0.099776
101.51.240.79:8080,socks5,0.103824
101.51.244.224:8080,socks5,0.080221
101.53.154.137:2007,socks5,0.083527
101.53.154.137:2008,socks5,0.088051
101.53.154.137:2009,socks5,0.088768
101.51.55.153:8080,socks5,0.102154
101.96.123.21:1080,socks5,0.087558
101.53.154.137:2010,socks5,0.106542
101.32.48.146:80,socks5,0.298765
101.6.58.216:6666,socks5,0.117546
101.109.43.246:8080,socks5,0.427473
101.95.182.26:5678,socks5,0.117412
101.96.117.164:1080,socks5,0.12662
101.71.154.251:1080,socks5,0.157904
102.128.131.72:1080,socks5,0.12873
102.134.167.141:57932,socks5,0.122497
102.141.197.17:8080,socks5,0.098665
102.134.154.245:44550,socks5,0.129534
102.134.17.14:5678,socks5,0.145956
102.134.98.222:8081,socks5,0.140254
102.164.252.150:8080,socks5,0.127032
102.141.91.245:5678,socks5,0.143772
102.165.127.85:8080,socks5,0.133755
102.176.160.70:5678,socks5,0.160567
102.22.204.32:9999,socks5,0.112486
102.177.161.1:4145,socks5,0.135553
102.176.179.26:4153,socks5,0.17599
102.223.81.3:5678,socks5,0.119236
102.176.228.45:4145,socks5,0.144263
102.186.105.225:8118,socks5,0.132915
102.23.128.61:5678,socks5,0.120579
102.219.33.129:1080,socks5,0.127939
102.222.136.56:31,socks5,0.132107
102.217.78.239:9812,socks5,0.151735
102.244.192.150:8080,socks5,0.126684
102.219.33.118:1080,socks5,0.162924
102.36.209.185:5678,socks5,0.1226
102.223.49.74:8080,socks5,0.146036
102.36.127.249:1080,socks5,0.128577
102.36.134.30:5678,socks5,0.126092
102.38.14.157:8080,socks5,0.091794
102.38.17.121:8080,socks5,0.113571
102.45.15.176:8080,socks5,0.09072
102.38.50.65:4153,socks5,0.099676
102.38.5.161:8080,socks5,0.119589
102.66.104.192:9999,socks5,0.112556
102.66.163.52:9999,socks5,0.102428
102.66.108.1:9999,socks5,0.128203
102.66.225.186:5678,socks5,0.100993
102.66.228.34:5678,socks5,0.096066
102.66.225.102:5678,socks5,0.125587
102.66.228.121:5678,socks5,0.122921
102.66.233.169:5678,socks5,0.113269
102.66.228.114:5678,socks5,0.122807
102.66.228.36:5678,socks5,0.122523
102.66.237.6:5678,socks5,0.107042
102.66.234.90:5678,socks5,0.119937
102.67.3.195:5678,socks5,0.080769
102.66.237.3:5678,socks5,0.129434
102.68.128.214:8080,socks5,0.070546
102.68.128.210:8080,socks5,0.098188
102.68.128.212:8080,socks5,0.102649
102.68.128.215:8080,socks5,0.092705
102.68.128.211:8080,socks5,0.11142
102.68.128.216:8080,socks5,0.098289
102.68.130.18:162,socks5,0.061757
102.68.128.218:8080,socks5,0.091612
102.68.128.217:8080,socks5,0.12403
102.68.130.18:6666,socks5,0.065551
102.68.134.94:8080,socks5,0.066883
102.68.135.129:8080,socks5,0.065495
102.68.128.219:8080,socks5,0.103767
102.68.135.157:8080,socks5,0.09843
102.68.135.21:8080,socks5,0.077283
102.68.135.229:8080,socks5,0.094161
102.69.146.168:5678,socks5,0.097972
103.1.93.184:55443,socks5,0.089165
103.10.133.81:4153,socks5,0.080118
102.68.17.196:5678,socks5,0.109861
103.10.54.81:4153,socks5,0.099753
103.10.22.236:8080,socks5,0.098366
103.10.56.190:4153,socks5,0.096785
102.89.6.53:4153,socks5,0.12609
103.10.59.73:4145,socks5,0.086856
103.10.62.238:19833,socks5,0.105107
103.10.62.238:4145,socks5,0.107861
103.10.62.238:51630,socks5,0.082792
103.10.99.110:5678,socks5,0.096159
103.100.235.233:8080,socks5,0.105963
103.100.84.22:8080,socks5,0.086792
103.100.84.23:8080,socks5,0.11039
103.102.141.40:4145,socks5,0.090454
103.102.141.56:4145,socks5,0.080766
103.102.142.98:4145,socks5,0.073034
103.100.84.25:8080,socks5,0.12124
103.102.142.184:4145,socks5,0.095379
103.102.15.165:1080,socks5,0.100129
103.103.212.222:172,socks5,0.099104
103.103.212.222:53281,socks5,0.102365
103.103.3.6:8080,socks5,0.09842
103.103.88.162:8080,socks5,0.088973
103.104.13.163:8080,socks5,0.083578
103.104.215.234:5678,socks5,0.081166
103.104.119.130:34554,socks5,0.141733
103.105.125.6:83,socks5,0.097045
103.105.236.153:53977,socks5,0.089539
103.105.236.120:53977,socks5,0.091407
103.105.212.106:53281,socks5,0.095079
103.105.237.254:53977,socks5,0.090902
103.102.14.185:1080,socks5,0.259956
103.105.228.134:8080,socks5,0.121438
103.105.228.66:8080,socks5,0.102224
103.106.112.18:1234,socks5,0.075279
103.105.70.9:30538,socks5,0.115528
103.104.185.102:5678,socks5,0.181134
103.105.76.21:5678,socks5,0.126279
103.106.112.11:5430,socks5,0.113428
103.106.219.222:4145,socks5,0.09907
103.106.242.157:4145,socks5,0.095514
103.106.112.13:5430,socks5,0.260673
103.209.230.129:8080,socks5,1.082162
103.85.67.169:4145,socks5,0.090028
103.209.230.113:8080,socks5,1.103657
103.87.169.180:1088,socks5,0.093618
103.209.230.129:4153,socks5,1.105744
103.209.65.12:6667,socks5,1.105339
103.87.201.135:4145,socks5,0.104703
103.86.187.242:23500,socks5,0.115354
103.87.206.249:41916,socks5,0.109681
103.209.64.19:6667,socks5,1.120654
103.86.1.2:4145,socks5,0.121983
103.21.244.0:80,socks5,1.121238
103.21.163.76:6667,socks5,1.134843
103.87.228.84:4145,socks5,0.132932
103.21.244.27:80,socks5,1.139032
103.87.25.210:5678,socks5,0.140829
103.17.90.6:5678,socks5,7.558252
103.171.5.129:8080,socks5,7.55811
131.108.220.57:45005,socks5,0.542625
131.100.51.45:999,socks5,0.555686
124.120.6.160:8888,socks5,1.57519
131.153.47.34:8080,socks5,0.605243
103.175.236.102:8080,socks5,7.61204
103.174.4.115:8080,socks5,7.64595
124.120.70.183:8888,socks5,1.614334
131.161.44.146:8083,socks5,0.620666
113.121.114.37:38801,socks5,3.632593
103.174.81.66:45,socks5,7.664033
103.174.4.116:8080,socks5,7.66682
113.119.47.200:8118,socks5,3.657767
103.174.238.98:1080,socks5,7.690182
131.108.118.103:4145,socks5,0.671734
131.161.35.20:44550,socks5,0.676182
103.174.181.45:8080,socks5,7.709062
103.172.70.27:81,socks5,7.720016
124.120.53.192:8888,socks5,1.698767
124.120.57.58:8888,socks5,1.695028
103.174.81.66:8080,socks5,7.704122
113.120.62.206:9999,socks5,3.768046
131.100.51.46:999,socks5,0.723243
103.174.4.107:8080,socks5,7.735893
103.175.238.130:8181,socks5,7.721009
131.108.60.22:3629,socks5,0.726935
113.120.61.189:43644,socks5,3.801755
124.120.83.147:8888,socks5,1.721532
124.120.53.41:8888,socks5,1.760143
124.120.56.187:8888,socks5,1.751206
124.120.66.40:8888,socks5,1.739672
103.172.17.7:5678,socks5,7.778201
131.161.177.62:5678,socks5,0.756956
124.120.57.103:8888,socks5,1.974283
14.160.26.18:1080,socks5,0.313714
118.67.216.94:4145,socks5,3.341633
134.122.26.11:80,socks5,1.341262
134.0.63.134:1723,socks5,1.353294
118.193.47.193:8118,socks5,3.362382
103.81.84.225:8088,socks5,7.386674
14.157.100.59:38801,socks5,0.362513
134.35.172.109:8080,socks5,1.306014
14.17.94.9:443,socks5,0.349066
134.122.51.14:3128,socks5,1.387248
134.35.157.138:4145,socks5,1.327972
119.148.32.25:8080,socks5,3.32325
118.99.87.107:5678,socks5,3.365246
103.85.119.18:9812,socks5,7.39478
134.209.29.120:8080,socks5,1.38493
134.249.129.26:8080,socks5,1.369789
134.249.151.4:54965,socks5,1.381498
119.10.181.54:1080,socks5,3.425135
134.35.180.116:8080,socks5,1.396758
118.99.124.73:8080,socks5,3.440832
119.148.103.6:4153,socks5,3.423452
134.35.209.110:9090,socks5,1.42141
134.209.83.132:3128,socks5,1.458923
118.99.104.140:203,socks5,3.484431
134.35.40.114:8080,socks5,1.417132
134.249.170.25:9999,socks5,1.443493
134.209.42.113:8118,socks5,1.48612
118.99.113.137:8080,socks5,3.493967
134.249.113.100:1080,socks5,1.46373
119.10.179.33:5430,socks5,3.476232
119.13.125.238:1080,socks5,3.478883
118.99.90.130:4145,socks5,3.476681
118.70.196.124:4145,socks5,3.529931
103.85.112.78:8090,socks5,7.526013
134.209.201.238:3128,socks5,1.507621
119.138.195.191:38801,socks5,3.477865
14.161.48.4:4153,socks5,0.53916
118.99.98.192:8080,socks5,3.518995
14.192.3.161:83,socks5,0.522415
134.209.189.42:80,socks5,1.549579
134.35.166.53:8080,socks5,1.464213
103.85.106.109:4153,socks5,7.562031
119.13.100.174:3128,socks5,3.478617
14.149.69.217:7300,socks5,0.542062
118.97.107.65:5430,socks5,3.596068
134.122.58.174:80,socks5,1.564088
14.161.43.121:8080,socks5,0.569991
118.69.176.168:8080,socks5,3.633464
118.67.219.153:8080,socks5,3.602222
118.67.151.29:80,socks5,3.57131
103.82.11.237:4153,socks5,7.644705
134.209.241.12:80,socks5,1.571386
134.209.240.44:1080,socks5,1.59567
103.82.144.126:5678,socks5,7.635831

118.70.220.116:4145,socks5,3.606296
118.97.204.93:51372,socks5,3.612869
14.160.23.254:5678,socks5,0.616391
103.85.103.25:5678,socks5,7.629446
134.249.170.33:9999,socks5,1.542042
14.177.235.17:8080,socks5,0.610434
118.97.164.19:8080,socks5,3.597465
103.85.106.107:4153,socks5,7.64873
103.85.106.213:8080,socks5,7.599878
103.82.8.189:4153,socks5,7.665724
103.83.173.234:4145,socks5,7.684327
14.17.110.2:8088,socks5,0.645841
103.83.252.61:1080,socks5,7.696374
14.170.154.193:19132,socks5,0.642566
118.70.126.245:5678,socks5,3.682617
134.209.162.115:3128,socks5,1.677027
103.83.116.122:55443,socks5,7.720381
14.20.235.19:45770,socks5,0.630117
118.99.96.173:8080,socks5,3.658538
134.209.29.120:104,socks5,1.66572
134.209.29.120:3128,socks5,1.682437
103.82.233.2:1089,socks5,7.729205
134.209.143.56:7497,socks5,1.700249
103.84.134.1:1080,socks5,7.706961
118.97.129.219:8080,socks5,3.697337
134.19.254.2:21231,socks5,1.699907
14.160.32.23:8080,socks5,0.72812
103.85.106.110:4153,socks5,7.743015
118.69.156.144:5678,socks5,3.722983
134.209.111.123:3128,socks5,1.688381
118.97.235.234:8080,socks5,3.723725
14.161.31.192:53281,socks5,0.7219
14.160.3.77:5678,socks5,0.720254
14.161.26.55:3128,socks5,0.753764
103.85.156.90:5678,socks5,7.749061
103.82.8.193:4153,socks5,7.763898
14.177.236.212:203,socks5,0.715186
103.85.119.20:9812,socks5,7.720133
118.70.109.148:55443,socks5,3.784237
14.177.236.212:55443,socks5,0.705402
103.84.39.101:30740,socks5,7.770994
103.84.178.2:4153,socks5,7.792042
134.19.254.2:4153,socks5,1.756214
134.195.90.170:10162,socks5,1.774942
118.70.12.171:53281,socks5,3.78207
118.99.108.4:8080,socks5,3.760617
118.70.131.249:1080,socks5,3.789069
118.67.221.82:8080,socks5,3.815055
134.209.28.98:3128,socks5,1.783342
134.236.242.161:4153,socks5,1.766209
103.83.174.95:4145,socks5,7.858837
103.85.114.249:8080,socks5,7.863339
103.85.122.20:4145,socks5,8.043294
104.20.161.231:80,socks5,7.546417
104.20.173.154:80,socks5,7.519664
124.120.88.158:8888,socks5,3.570422
103.107.92.225:34083,socks5,10.575799
139.59.228.95:8118,socks5,1.553035
124.120.89.234:8888,socks5,3.57022
104.20.198.41:91,socks5,7.587978
104.20.157.212:80,socks5,7.603617
140.227.168.205:3128,socks5,0.563504
104.20.155.114:80,socks5,7.620248
104.20.185.226:80,socks5,7.578101
103.11.106.148:8181,socks5,10.586377
140.227.175.99:3128,socks5,0.564832
139.59.1.14:3128,socks5,1.599746
103.107.94.185:34083,socks5,10.610673
103.11.106.212:8181,socks5,10.599084
103.109.182.193:47749,socks5,10.616636
139.59.1.14:8080,socks5,1.618177
139.59.242.60:3128,socks5,1.604409
104.20.178.175:80,socks5,7.630924
104.20.21.20:80,socks5,7.622387
104.20.222.29:80,socks5,7.634934
140.227.173.241:3128,socks5,0.594867
124.122.100.132:8888,socks5,3.603543
124.121.85.109:8080,socks5,3.613875
104.20.225.126:80,socks5,7.615701
124.120.90.173:8888,socks5,3.624544
140.227.169.36:3128,socks5,0.654
103.109.168.36:5678,socks5,10.681591
104.20.222.46:80,socks5,7.654903
140.227.169.42:3128,socks5,0.6517
124.121.127.200:8080,socks5,3.671936
139.59.43.194:3128,socks5,1.659413
124.122.104.145:8888,socks5,3.656898
140.227.175.92:3128,socks5,0.652223
139.59.48.213:80,socks5,1.661467
104.20.183.37:80,socks5,7.718029
140.227.170.188:3128,socks5,0.685605
103.109.59.77:1080,socks5,10.696783
103.109.56.209:1080,socks5,10.704632
104.20.236.106:203,socks5,7.676257
103.110.10.202:8080,socks5,10.695818
124.122.106.64:8888,socks5,3.697725
104.20.242.99:80,socks5,7.698715
140.227.199.112:3128,socks5,0.691797
139.59.244.166:8080,socks5,1.717289
104.20.203.43:80,socks5,7.732534
104.20.18.237:203,socks5,7.760211
104.20.235.57:80,socks5,7.736131
139.59.35.164:3128,socks5,1.740583
124.122.107.206:8888,socks5,3.73947
140.227.165.199:3128,socks5,0.779081
140.227.200.248:3128,socks5,0.704263
139.59.57.40:7497,socks5,1.727949
104.20.202.50:80,socks5,7.730533
103.110.109.17:1080,socks5,10.749549
103.110.109.65:1080,socks5,10.756973
140.227.172.201:3128,socks5,0.72565
103.111.29.130:4153,socks5,10.691101
139.59.210.73:80,socks5,1.781257
140.227.168.203:3128,socks5,0.775888
104.20.236.181:80,socks5,7.769356
103.110.91.242:3128,socks5,10.779717
140.227.170.196:3128,socks5,0.78625
103.111.22.65:58563,socks5,10.774568
139.9.188.234:7890,socks5,1.780963
140.227.171.218:3128,socks5,0.795913
140.227.170.189:3128,socks5,0.802114
104.20.248.108:80,socks5,7.797869
103.111.137.66:5678,socks5,10.795393
103.11.216.199:9812,socks5,10.807044
103.111.137.54:1080,socks5,10.810344
104.20.251.21:80,socks5,7.807421
139.59.124.237:3128,socks5,1.826548
124.122.113.14:8888,socks5,3.808567
103.109.96.69:8080,socks5,10.848087
103.109.57.42:3629,socks5,10.856639
103.11.106.116:8181,socks5,10.859055
139.99.236.128:3128,socks5,1.835724
140.227.172.205:3128,socks5,0.860404
104.20.155.58:80,socks5,7.929756
104.20.191.166:80,socks5,7.933623
124.122.112.87:8888,socks5,3.907552
103.111.160.41:5678,socks5,10.94031
124.120.88.206:8888,socks5,3.986973
140.227.200.244:3128,socks5,0.938748
103.110.59.3:35294,socks5,10.960091
103.111.22.26:58563,socks5,10.946406
139.78.97.154:80,socks5,1.949547
124.122.1.54:8080,socks5,3.983579
139.9.64.238:443,socks5,1.968462
124.122.113.124:8888,socks5,3.98707
139.59.249.244:7777,socks5,2.044707
124.120.91.185:8888,socks5,4.356991
124.122.103.221:8888,socks5,4.36705
104.19.237.207:80,socks5,11.163726
104.19.252.173:80,socks5,11.166815
162.159.255.22:80,socks5,1.15827
104.19.236.18:80,socks5,11.212284
162.159.246.201:80,socks5,1.915198
162.159.251.49:80,socks5,1.928701
117.57.112.252:8089,socks5,8.971586
154.236.168.169:1981,socks5,2.943299
154.236.168.169:1976,socks5,2.97597
117.54.201.91:5678,socks5,9.004553
103.71.21.74:82,socks5,13.019223
103.71.21.250:83,socks5,13.030923
103.70.206.193:59311,socks5,13.07888
103.71.22.2:83,socks5,13.086043
104.19.27.200:80,socks5,12.094349
104.19.228.113:80,socks5,12.258342
180.178.170.71:8080,socks5,1.454607
176.108.176.181:4153,socks5,3.502041
180.178.111.220:8080,socks5,1.464556
176.56.107.170:50082,socks5,3.296322
162.247.243.232:80,socks5,7.329218
104.20.90.20:93,socks5,17.350741
161.97.92.160:80,socks5,7.5953
130.61.137.201:80,socks5,12.628341
180.183.173.254:8291,socks5,1.604897
103.115.255.93:51372,socks5,20.408094
180.183.225.112:8080,socks5,1.601629
176.108.104.84:38954,socks5,3.692967
124.122.132.229:8888,socks5,13.443633
103.115.255.141:36331,socks5,20.457291
162.247.243.21:80,socks5,7.46631
176.106.36.183:1080,socks5,3.720469
180.183.214.10:8080,socks5,1.605953
176.53.197.226:3128,socks5,3.470727
139.198.157.59:7890,socks5,11.751235
103.75.148.203:4145,socks5,18.625621
140.227.63.141:3180,socks5,10.476623
140.227.61.156:23456,socks5,10.448674
182.163.94.192:23456,socks5,0.425746
162.247.243.235:80,socks5,7.523575
123.49.53.170:5678,socks5,13.668509
180.250.100.66:3128,socks5,1.515825
104.19.149.180:80,socks5,17.78228
123.52.97.10:9999,socks5,13.54459
162.247.243.222:80,socks5,7.536526
182.176.104.101:5678,socks5,0.487949
172.67.238.133:80,socks5,4.668995
104.21.0.193:114,socks5,17.505148
176.56.107.146:30274,socks5,3.482747
177.87.168.97:53281,socks5,2.703647
172.67.239.104:80,socks5,4.683926
140.227.58.238:3180,socks5,10.470844
162.247.243.246:80,socks5,7.513482
104.21.105.33:80,socks5,17.544782
130.185.213.146:5678,socks5,12.707232
162.247.243.236:80,socks5,7.548723
103.115.255.65:36331,socks5,20.562497
104.20.75.80:104,socks5,17.597939
123.56.106.161:8888,socks5,13.788036
180.183.155.150:8080,socks5,1.740851
130.61.169.76:80,socks5,12.702114
162.0.226.218:80,socks5,7.841927
103.76.12.42:8181,socks5,18.767515
130.41.85.158:8080,socks5,12.772848
140.227.60.64:3128,socks5,10.58195
180.183.2.147:8080,socks5,1.75519
180.254.50.104:80,socks5,1.565358
162.144.116.103:80,socks5,7.86244
162.247.243.25:80,socks5,7.590635
103.117.213.74:41972,socks5,20.584746
103.115.255.106:36331,socks5,20.626716
103.76.12.42:203,socks5,18.805114
176.52.253.14:4145,socks5,3.622021
104.200.18.76:3128,socks5,17.625364
104.21.103.170:80,socks5,17.628084
103.117.108.21:4153,socks5,20.609171
104.19.137.152:80,socks5,17.912927
104.21.107.70:80,socks5,17.637978
104.20.93.251:80,socks5,17.654853
180.250.190.150:1080,socks5,1.640126
124.122.126.152:8888,socks5,13.678435
104.20.75.82:45,socks5,17.691941
180.250.204.91:8088,socks5,1.654049
130.225.244.90:9052,socks5,12.852895
162.247.243.22:80,socks5,7.693563
104.21.115.93:80,socks5,17.676024
180.250.190.149:1080,socks5,1.690804
103.75.32.173:4673,socks5,18.899334
124.122.137.180:8080,socks5,13.710989
154.236.179.233:1976,socks5,8.892678
130.185.121.78:3535,socks5,12.916998
140.227.64.228:3180,socks5,10.691259
140.227.239.66:3128,socks5,10.737733
104.21.124.121:80,socks5,17.730639
154.236.179.226:1976,socks5,8.946664
180.178.111.218:8080,socks5,2.011983
140.227.66.63:3180,socks5,10.735026
104.20.84.73:80,socks5,17.839809
103.73.75.69:8080,socks5,19.020039
104.21.111.51:203,socks5,17.829544
103.74.147.22:83,socks5,19.041681
180.92.212.200:5678,socks5,1.830544
103.117.108.169:4153,socks5,20.882141
154.236.177.101:1981,socks5,9.07941
104.20.92.123:80,socks5,17.928589
103.115.26.254:80,socks5,20.915318
104.20.75.225:172,socks5,17.963554
117.89.161.27:38801,socks5,15.150264
180.92.212.178:5678,socks5,1.948451
162.247.243.39:80,socks5,7.985365
180.250.159.49:4153,socks5,2.010963
130.61.70.228:3128,socks5,13.202308
140.227.65.59:104,socks5,11.016649
104.21.111.51:80,socks5,18.029185
124.122.124.22:8888,socks5,14.066216
180.249.26.15:4145,socks5,2.065203
103.115.255.1:36331,socks5,21.071665
140.227.60.64:3180,socks5,11.062469
117.88.4.175:3000,socks5,15.289422
140.227.25.56:5678,socks5,11.108944
104.21.119.211:80,socks5,18.092471
103.115.255.73:51372,socks5,21.147691
103.73.74.219:45,socks5,19.348923
162.247.243.253:80,socks5,8.17047
177.87.223.194:49233,socks5,3.382639
162.247.243.52:103,socks5,8.204263
139.228.70.143:5678,socks5,13.436634
117.95.195.193:9999,socks5,16.324181
139.224.72.128:8080,socks5,13.508089
180.171.128.26:4145,socks5,3.561291
180.176.247.122:80,socks5,3.575843
103.116.203.244:40927,socks5,22.559076
176.106.120.82:8080,socks5,7.062776
181.40.122.102:8080,socks5,4.051635
14.207.85.37:8080,socks5,14.111448
181.4.9.250:1080,socks5,4.08484
123.31.12.41:37985,socks5,17.112446
181.47.104.64:8080,socks5,4.105302
181.41.241.239:4145,socks5,4.262172
141.193.213.73:80,socks5,13.421637
182.253.93.4:53281,socks5,3.487879
182.253.65.17:8085,socks5,3.559333
182.253.82.155:8080,socks5,3.576926
182.253.86.5:8080,socks5,3.622974
182.253.82.157:8080,socks5,3.628322
103.178.43.2:8181,socks5,23.724663
182.253.93.4:4145,socks5,3.71189
103.184.132.136:3128,socks5,23.755897
103.179.252.2:8181,socks5,23.805291
103.178.43.6:8181,socks5,23.810008
103.179.252.14:8181,socks5,23.805724
141.193.213.249:80,socks5,13.856492
103.19.109.186:8088,socks5,23.875989
103.178.42.10:8181,socks5,23.912247
103.18.77.235:8080,socks5,23.913486
103.18.77.46:4145,socks5,23.953107
103.180.126.28:8080,socks5,23.957075
103.181.72.169:443,socks5,24.0551
103.183.60.226:9812,socks5,24.079452
103.181.245.130:80,socks5,24.171119
141.193.213.216:80,socks5,14.223756
141.193.213.243:80,socks5,14.225545
162.247.243.44:104,socks5,12.337639
154.236.179.226:1981,socks5,13.58153
177.87.230.1:43573,socks5,7.600052
177.87.230.29:43573,socks5,7.636142
104.20.93.186:80,socks5,22.482414
162.247.243.230:80,socks5,12.487881
180.250.170.210:40108,socks5,6.464958
104.19.144.96:80,socks5,22.771264
103.116.202.241:5678,socks5,25.530617
104.20.95.98:80,socks5,22.545616
180.178.189.102:3127,socks5,6.77929
104.21.105.18:80,socks5,22.550879
140.227.63.141:172,socks5,15.624055
141.193.213.77:80,socks5,14.842571
14.99.214.169:5678,socks5,17.580592
140.227.161.96:3128,socks5,17.57262
103.106.35.230:31110,socks5,27.622181
103.107.92.209:34083,socks5,27.613392
103.107.71.192:1080,socks5,27.634877
140.227.162.39:3128,socks5,17.619555
181.78.15.105:999,socks5,7.611183
103.107.92.1:44578,socks5,27.724973
181.7.231.216:1080,socks5,8.226724
181.74.81.195:999,socks5,8.228798
181.78.13.211:999,socks5,8.337723
140.227.127.228:80,socks5,20.386813
140.143.164.213:1080,socks5,20.410381
14.63.1.108:4145,socks5,20.42621
140.143.58.5:8080,socks5,20.450989
181.65.189.90:9812,socks5,10.494343
191.101.251.62:80,socks5,1.445792
14.232.160.252:10801,socks5,21.02413
181.5.219.216:1080,socks5,11.080102
181.225.68.27:999,socks5,11.257445
14.232.161.29:10801,socks5,21.090104
140.227.164.145:3128,socks5,21.054037
188.175.191.162:4145,socks5,4.052993
181.49.158.165:8080,socks5,11.206226
182.253.108.51:40448,socks5,11.38266
185.238.228.61:80,socks5,7.439339
185.238.228.56:80,socks5,7.596095
190.131.250.105:999,socks5,4.527945
185.238.228.62:80,socks5,7.635703
182.253.136.209:5678,socks5,11.645396
196.20.12.37:8080,socks5,1.684961
106.14.222.35:55540,socks5,28.671175
168.196.115.193:4153,socks5,18.698382
106.14.222.35:54340,socks5,28.704204
200.118.122.6:4153,socks5,0.504982
177.87.42.156:4145,socks5,14.663895
154.73.85.149:57932,socks5,20.533882
190.14.229.242:5678,socks5,4.630592
154.79.242.178:10801,socks5,20.569884
185.46.170.253:4145,socks5,7.554251
103.166.143.243:3128,socks5,31.835784
103.208.200.222:41151,socks5,31.592161
168.196.215.16:9999,socks5,18.760513
141.193.213.205:80,socks5,21.752356
172.67.167.113:80,socks5,17.926324
191.101.251.105:80,socks5,3.840893
182.253.28.124:8080,socks5,11.756396
197.211.238.20:5678,socks5,1.617464
196.20.12.5:8080,socks5,1.902519

182.48.70.145:38440,socks5,11.712214
191.0.67.227:3629,socks5,3.875662
200.116.226.210:57089,socks5,0.59867
172.67.176.90:80,socks5,17.772161
154.79.244.38:10801,socks5,20.725507
190.131.198.77:7497,socks5,4.917501
103.175.156.142:8080,socks5,31.860425
180.211.248.222:31,socks5,13.839411
177.91.44.101:4153,socks5,14.88788
180.242.2.232:8080,socks5,13.787921
106.14.222.35:57866,socks5,28.790966
200.116.198.222:9812,socks5,0.889275
191.101.251.102:80,socks5,4.13663
185.171.231.135:80,socks5,9.060348
106.14.242.17:53104,socks5,29.116657
180.179.13.135:80,socks5,14.229885
106.14.222.35:64741,socks5,29.174437
113.252.44.63:8383,socks5,28.02765
190.14.249.174:999,socks5,5.143334
190.14.249.119:999,socks5,5.18106
190.14.249.217:999,socks5,5.149182
14.115.107.23:3629,socks5,24.096525
172.67.176.87:80,socks5,18.079902
177.91.44.96:4153,socks5,15.244814
106.14.242.17:52186,socks5,29.260527
182.48.70.154:38440,socks5,12.117209
131.161.65.47:4153,socks5,25.263275
177.93.33.244:104,socks5,15.258082

172.67.177.11:80,socks5,18.164098
106.14.242.17:49645,socks5,29.320375
106.14.222.35:63301,socks5,29.33857
190.131.247.30:4153,socks5,5.308135
181.6.158.2:1080,socks5,13.431073
131.196.13.229:5678,socks5,25.392185
180.249.157.0:4145,socks5,14.281073
106.14.222.35:64817,socks5,29.438267
185.46.221.11:4153,socks5,8.335
106.14.242.17:54485,socks5,29.480818
106.14.242.17:54430,socks5,29.479797
131.0.87.225:52017,socks5,25.52302
154.12.243.75:80,socks5,21.625174
20.114.4.79:3128,socks5,1.59382
106.14.242.17:55546,socks5,29.50562
190.131.195.154:999,socks5,5.525654
103.67.16.6:4153,socks5,31.660485
184.181.217.194:4145,socks5,11.647738
177.92.9.10:4145,socks5,15.584155
180.245.166.42:80,socks5,14.474764
106.14.222.35:61190,socks5,29.648128
177.91.98.252:8080,socks5,15.596023
193.3.40.250:8080,socks5,3.856086
196.43.97.114:5678,socks5,2.583289
190.138.206.18:31680,socks5,5.63397
191.243.72.34:4145,socks5,4.497727
143.110.151.242:3128,socks5,22.5366
172.67.176.88:80,socks5,18.519109
168.205.161.85:6147,socks5,19.690695
180.211.248.222:8080,socks5,14.560331
196.44.117.10:8080,socks5,2.624249
172.67.176.89:80,socks5,18.553531
177.91.44.99:4153,socks5,15.696612
168.227.15.229:50813,socks5,19.689594
168.227.146.34:10801,socks5,19.696469
154.79.242.86:40108,socks5,21.596927
180.211.91.190:5430,socks5,14.626789
106.14.242.17:51730,socks5,29.759237
113.221.47.125:9000,socks5,28.631891
182.253.6.236:8080,socks5,12.755351
196.3.99.162:8080,socks5,2.746236
180.246.181.3:4145,socks5,14.631476
106.14.222.35:62996,socks5,29.81223
196.3.97.71:5678,socks5,2.786035
131.196.14.51:999,socks5,25.827856
185.132.228.57:4145,socks5,11.7393
106.14.222.35:63825,socks5,29.930283
141.193.213.210:80,socks5,22.942107
131.161.68.41:35944,socks5,25.930472
113.250.152.22:8118,socks5,28.824332
14.207.126.59:8080,socks5,24.256058
185.132.251.240:8080,socks5,11.814454
196.3.97.71:23500,socks5,2.956699
106.14.222.35:64393,socks5,30.004922
177.91.126.125:5678,socks5,16.045171
190.14.32.209:5678,socks5,6.034692
190.14.155.198:5678,socks5,6.040171
197.211.209.236:61253,socks5,2.928
200.114.87.229:8080,socks5,1.924855
131.161.68.13:38375,socks5,26.081105
112.85.165.222:9999,socks5,29.211905
185.238.228.49:80,socks5,9.214181
154.120.133.190:30303,socks5,22.232201
196.32.109.139:35010,socks5,3.099713
154.79.250.48:5678,socks5,22.027556
177.91.44.97:4153,socks5,16.172
143.198.100.166:18921,socks5,23.044485
184.181.217.201:4145,socks5,12.283624
168.205.161.226:6288,socks5,20.217332
185.171.231.168:80,socks5,10.176834
168.227.222.78:8080,socks5,20.208175
154.79.254.170:10801,socks5,22.085921
14.224.172.179:5678,socks5,24.374247
14.207.17.107:8080,socks5,24.458204
154.79.252.226:5678,socks5,22.124014
106.14.242.17:53425,socks5,30.242468
184.178.172.5:15303,socks5,12.364444
172.67.176.3:80,socks5,19.130132
154.16.63.16:3128,socks5,22.36591
106.14.222.35:61196,socks5,30.320703
185.171.231.115:80,socks5,10.313692
154.73.86.153:57932,socks5,22.19557
181.63.213.66:8089,socks5,14.356142
14.248.80.77:8080,socks5,24.376662
181.78.24.26:5678,socks5,14.325499
168.227.145.35:5678,socks5,20.418836
177.91.9.17:59515,socks5,16.450355
196.28.234.66:1080,socks5,3.475441
181.3.44.63:1080,socks5,14.729445
181.49.217.254:8080,socks5,14.739015
191.243.72.2:4145,socks5,6.067737
131.0.246.113:4153,socks5,27.234838
185.171.231.145:80,socks5,11.265682
103.205.128.81:4145,socks5,34.446324
103.205.130.94:4145,socks5,34.51174
103.205.130.59:4145,socks5,34.670414
185.134.99.238:4153,socks5,13.784863
154.79.252.214:10801,socks5,23.854718
154.13.5.41:59394,socks5,24.24523
103.106.32.234:31110,socks5,36.255783
103.207.8.130:23804,socks5,35.141999
103.206.129.34:53281,socks5,35.185493
200.85.95.234:4153,socks5,2.330892
103.68.3.114:4145,socks5,34.684951
103.69.20.38:4145,socks5,34.757811
103.65.212.189:1080,socks5,34.799529
185.129.196.229:4145,socks5,15.123013
181.3.8.171:1080,socks5,18.498572
181.6.12.119:1080,socks5,18.671978
185.106.44.37:4153,socks5,16.652107
202.142.126.6:8080,socks5,3.736825
172.67.170.26:80,socks5,23.824761
172.67.170.3:80,socks5,23.851094
172.67.170.22:80,socks5,23.902388
172.67.171.202:80,socks5,23.906359
103.207.1.82:8080,socks5,37.830845
185.103.181.43:8080,socks5,16.977874
185.252.41.212:5678,socks5,14.027816
103.175.237.24:8080,socks5,38.183546
103.206.245.65:5430,socks5,38.086156
113.121.240.114:3256,socks5,34.229105
103.206.253.59:53934,socks5,38.168596
113.121.72.199:9999,socks5,34.2854
185.247.226.94:16049,socks5,14.380486
103.70.159.129:5678,socks5,37.67248
182.253.62.212:4153,socks5,19.168119
185.255.46.121:8080,socks5,15.900459
190.152.151.110:4673,socks5,13.610595
181.78.3.137:999,socks5,21.656229
132.255.132.33:7556,socks5,33.703919
132.255.44.48:4153,socks5,33.710058
178.128.247.95:31280,socks5,23.740936
178.128.117.95:203,socks5,23.904195
181.98.174.28:80,socks5,22.102605
132.255.110.195:4153,socks5,34.121637
178.128.112.7:3128,socks5,24.15329

132.255.94.2:31337,socks5,34.440803
203.24.102.8:80,socks5,4.566546
133.242.237.138:3128,socks5,34.634687
200.92.226.86:999,socks5,8.647277
132.255.94.150:4153,socks5,34.691573
133.125.54.107:80,socks5,34.721123
103.199.157.169:41610,socks5,42.101716
182.101.207.11:8080,socks5,23.457803
103.126.87.86:1080,socks5,43.291765
203.30.189.134:80,socks5,3.472049
182.108.60.222:9999,socks5,23.499013
154.70.214.105:4145,socks5,31.505729
182.107.205.172:38801,socks5,23.516896
200.109.66.90:4153,socks5,11.534317
200.111.104.59:3128,socks5,11.507271
185.123.101.174:3128,socks5,21.537153
141.101.113.103:80,socks5,33.368178
182.116.238.180:9999,socks5,23.535922
193.53.87.222:33128,socks5,13.583951
140.227.202.238:3128,socks5,33.593503
103.122.66.184:4153,socks5,43.472989
186.5.117.82:999,socks5,17.599835
203.32.120.217:203,socks5,1.594502
172.67.3.105:80,socks5,27.640032
103.112.60.33:44550,socks5,43.625517
103.112.162.179:8080,socks5,43.647586
172.67.254.241:80,socks5,27.678021
203.123.57.154:63123,socks5,7.670445
200.114.65.15:999,socks5,11.623102
185.123.143.251:3128,socks5,21.664224
185.123.143.247:3128,socks5,21.677857
172.67.255.212:80,socks5,27.70333
103.81.207.201:80,socks5,41.6986
200.110.214.129:9080,socks5,11.684122
140.227.200.250:3128,socks5,33.706545
103.116.203.245:40927,socks5,43.674005
194.87.59.212:104,socks5,13.405117
103.138.212.242:31016,socks5,43.460622
181.94.246.125:4153,socks5,23.786328
203.32.120.224:80,socks5,1.80211
172.67.27.61:80,socks5,27.857413
193.53.87.220:33128,socks5,13.833172
186.47.75.174:9812,socks5,17.834623
118.174.233.45:55084,socks5,37.900231
118.175.170.25:4145,socks5,37.894463
172.67.3.106:80,socks5,27.879828
203.13.32.107:80,socks5,7.882688
195.123.245.120:104,socks5,13.504358
194.219.175.210:8080,socks5,13.752067
204.137.174.64:999,socks5,0.871192
103.111.59.14:80,socks5,43.949883
204.188.206.4:59394,socks5,0.913274
200.110.168.159:8080,socks5,11.992131
186.47.213.158:5678,socks5,18.019712
186.46.6.233:52854,socks5,18.026179
203.30.189.138:80,socks5,3.98953
103.111.55.210:46154,socks5,44.040847
200.178.26.50:3128,socks5,11.013505
185.123.194.28:3629,socks5,22.031854
200.181.51.41:5678,socks5,11.092185
103.199.157.145:41610,socks5,43.286056
203.13.32.120:80,socks5,8.264237
103.82.11.209:4153,socks5,42.391819
186.46.138.6:44481,socks5,18.65665
202.1.197.227:80,socks5,9.924051
103.127.21.42:5678,socks5,44.542974
186.3.9.219:999,socks5,18.768119
186.42.174.218:3629,socks5,18.745384
103.120.175.119:9191,socks5,44.633959
103.81.230.17:82,socks5,42.766097
103.135.14.176:8181,socks5,44.50322
103.81.13.129:60714,socks5,42.828126
142.132.140.218:8084,socks5,33.831967
103.124.87.1:8080,socks5,44.698453
190.90.242.210:999,socks5,16.127101
103.54.148.34:1080,socks5,43.191303
184.155.36.194:8080,socks5,23.206591
103.58.16.5:4145,socks5,43.219342
103.57.80.156:4145,socks5,43.2459
103.57.80.58:4145,socks5,43.263914
184.105.133.1:48324,socks5,23.299174
162.244.82.140:58837,socks5,32.072502
103.53.228.217:7497,socks5,43.362671
184.17.92.45:8118,socks5,23.319325
162.223.88.228:7777,socks5,32.133195
103.51.44.253:4145,socks5,43.437097
199.87.210.189:10601,socks5,13.381281
199.249.230.109:9050,socks5,13.394206
103.52.211.206:1080,socks5,43.514843
193.56.255.179:3128,socks5,15.191759
103.59.176.154:8080,socks5,43.474748
193.56.255.181:3128,socks5,15.207613
103.139.42.179:3128,socks5,45.096185
194.163.144.97:7497,socks5,15.356111
103.145.45.5:51372,socks5,45.023978
103.149.238.102:9090,socks5,44.984996
194.135.216.178:56805,socks5,15.422062
195.219.98.27:5678,socks5,14.949633
103.141.148.62:5678,socks5,45.222691
103.132.92.114:4673,socks5,45.372735
103.140.205.137:1080,socks5,45.277594
103.146.110.22:50860,socks5,45.147356
203.30.189.17:80,socks5,5.504976
103.153.35.73:5678,socks5,45.054525
186.47.232.243:5678,socks5,19.654066
186.47.82.6:46723,socks5,19.662183
203.13.32.101:80,socks5,9.744725
103.117.192.14:80,socks5,45.656585
195.149.125.91:1080,socks5,15.440021
200.112.213.186:999,socks5,13.859157
203.30.189.129:80,socks5,5.877947
118.174.196.250:4153,socks5,39.95052
200.111.182.6:443,socks5,13.911357
190.90.24.13:999,socks5,17.222372
172.67.28.104:80,socks5,30.005335
200.114.83.246:8080,socks5,13.998925
139.0.4.34:8080,socks5,37.353583
201.139.124.30:1080,socks5,12.318979
185.171.231.221:80,socks5,22.337132
178.128.122.245:80,socks5,28.343856
169.239.223.136:52178,socks5,32.372769
169.239.221.89:1080,socks5,32.381061
180.183.66.89:8080,socks5,27.473049
139.255.94.123:39635,socks5,37.487479
162.219.119.225:8080,socks5,33.593525
161.35.84.164:3128,socks5,33.977161
104.18.96.70:80,socks5,44.118359
198.8.94.170:4145,socks5,15.256884
139.162.78.109:3128,socks5,38.461685
118.174.234.21:38471,socks5,41.257262
139.255.74.125:8080,socks5,38.618877
180.183.42.52:8080,socks5,28.673491
191.101.251.246:104,socks5,18.674512
191.101.251.238:80,socks5,18.720558
103.53.76.82:1089,socks5,45.968945
203.24.109.66:80,socks5,8.778144
203.24.109.74:80,socks5,8.804279
103.199.157.81:41610,socks5,46.844605
194.163.145.106:7497,socks5,18.232486
172.67.254.134:80,socks5,33.518548
118.172.149.181:4145,socks5,43.534313
213.6.204.153:49044,socks5,3.541874
154.70.151.6:3128,socks5,37.538477
154.72.197.106:61423,socks5,37.530182
195.68.152.18:4153,socks5,18.867656
154.72.67.190:8080,socks5,37.691197
104.20.59.163:80,socks5,46.832836
139.255.5.98:443,socks5,41.114029
139.255.97.156:14888,socks5,41.194831
152.70.52.187:3128,socks5,39.051292
104.18.45.168:80,socks5,48.48054
199.241.139.7:9050,socks5,20.650273
118.172.201.216:8080,socks5,47.500473
200.13.154.81:8080,socks5,20.496135
203.30.188.85:80,socks5,13.494674
43.129.207.123:3001,socks5,0.465416
186.3.44.182:999,socks5,27.508495
154.31.224.17:80,socks5,41.516412
34.195.172.233:80,socks5,3.489587
185.118.153.110:8080,socks5,31.506295
118.172.47.97:51327,socks5,47.532314
43.129.223.147:38080,socks5,0.479185
203.30.188.92:80,socks5,13.497614
172.67.254.140:80,socks5,37.546068
186.3.49.57:999,socks5,27.54131
43.129.205.4:8888,socks5,0.50976
213.6.210.50:4153,socks5,7.537797
200.108.196.108:4145,socks5,21.564855
118.172.215.75:8080,socks5,47.601547
186.3.38.202:999,socks5,27.583872
200.106.187.252:999,socks5,21.610856
34.206.77.75:80,socks5,3.583615
185.118.129.43:8080,socks5,31.618103
34.200.251.21:3128,socks5,3.597193
172.67.253.231:80,socks5,37.665901
203.113.117.49:4153,socks5,17.634763
118.127.99.93:53281,socks5,47.694692
193.34.21.4:55277,socks5,23.917133
103.160.201.76:1080,socks5,52.933881
34.215.30.215:3128,socks5,3.674181
154.223.131.228:88,socks5,41.8622
172.67.254.108:162,socks5,37.77658
103.70.159.152:5678,socks5,51.912109
154.159.243.117:8080,socks5,41.951923
20.127.36.113:3128,socks5,21.930272
118.172.43.60:8080,socks5,47.835955
118.172.187.127:8080,socks5,47.865861
154.239.1.74:1981,socks5,42.644859
200.125.223.142:9812,socks5,21.585712
172.67.255.117:80,socks5,38.692606
200.140.44.245:4145,socks5,21.722372
203.34.28.94:80,socks5,11.744142
203.80.190.186:8080,socks5,11.604961
203.81.95.42:8080,socks5,11.722973
181.3.59.54:1080,socks5,34.928652
43.132.200.137:9812,socks5,1.634184
203.77.240.76:4145,socks5,11.712296
14.241.241.185:4145,socks5,44.749197
203.77.239.201:4153,socks5,11.735394
203.89.126.250:80,socks5,11.725017
203.95.220.33:4153,socks5,11.7479
188.227.224.110:9051,socks5,27.719533
188.234.216.66:49585,socks5,27.711977
200.165.165.6:4153,socks5,21.759985
200.149.19.130:8080,socks5,22.015659
154.64.219.41:8888,socks5,43.038705
141.101.121.253:80,socks5,44.255209
118.173.103.32:4145,socks5,49.072731
194.44.20.22:1080,socks5,24.769561
172.67.254.147:185,socks5,39.097491
176.241.95.162:41890,socks5,38.040429
194.163.189.206:7497,socks5,24.93423
176.31.241.39:3128,socks5,38.024727
176.31.7.185:8080,socks5,38.009798
194.44.74.118:1080,socks5,24.773852
176.31.182.185:9050,socks5,38.05228
203.114.124.203:4145,socks5,19.116163
103.79.96.154:4153,socks5,53.145035
188.235.0.207:8282,socks5,28.065828
195.49.151.180:3629,socks5,24.457964
186.3.9.211:999,socks5,29.18313
200.108.198.205:4153,socks5,23.173093
176.36.138.237:1080,socks5,38.145978
34.224.144.84:3128,socks5,5.189997
38.55.180.255:80,socks5,3.44886
142.93.14.224:8080,socks5,44.324982
181.3.136.7:1080,socks5,35.653012
181.4.75.89:1080,socks5,35.578984
185.162.228.113:80,socks5,33.192359
103.70.204.65:59311,socks5,53.57823
154.13.5.42:59394,socks5,43.590673
20.187.109.97:8080,socks5,23.584645
203.81.95.70:4153,socks5,12.432511
154.30.184.163:3129,socks5,43.501319
200.164.65.83:55443,socks5,22.432149
200.16.68.111:7497,socks5,22.469506
181.31.225.234:3128,socks5,35.681956
34.220.50.208:3128,socks5,5.474963
186.3.9.212:999,socks5,29.512522
188.226.241.27:7497,socks5,28.465593
203.32.120.182:80,socks5,13.522277
194.110.150.225:8085,socks5,25.413143
213.6.227.38:45730,socks5,9.509066
43.132.183.200:35366,socks5,2.48265
195.91.165.90:46526,socks5,24.794172
43.133.200.35:59394,socks5,2.529519
203.98.76.64:5678,socks5,12.56614
103.70.79.2:8080,socks5,53.74859
203.23.103.211:80,socks5,18.539153
203.23.103.17:80,socks5,18.552936
103.199.97.33:39825,socks5,54.596708
203.115.123.163:9999,socks5,19.64955
200.140.199.170:3130,socks5,22.751114
154.46.204.25:1080,socks5,43.81626
213.6.227.38:34081,socks5,9.885036
118.174.142.242:8080,socks5,49.927309
172.67.254.156:80,socks5,40.06311
203.116.44.134:3128,socks5,20.077748
203.76.124.138:5678,socks5,13.263938
167.86.89.42:50032,socks5,42.651879
45.12.31.220:203,socks5,0.076976
167.99.168.124:7497,socks5,42.806264
203.170.222.4:8080,socks5,20.139888
167.99.174.59:80,socks5,42.802418
200.69.70.134:999,socks5,22.862607
167.71.5.83:8080,socks5,42.908902
103.148.72.126:80,socks5,56.180745
185.171.230.254:80,socks5,32.941145
167.99.124.118:80,socks5,42.957931
105.213.123.125:8080,socks5,53.011637
181.232.190.246:999,socks5,37.09597
203.30.190.122:80,socks5,15.791595
105.234.156.237:5678,socks5,53.112717
188.226.116.230:3629,socks5,29.918109
185.171.230.255:80,socks5,33.181283
200.69.210.59:80,socks5,23.200134
200.69.136.235:4145,socks5,23.233888
185.171.230.38:80,socks5,33.276238
200.69.74.166:6996,socks5,23.257532
117.54.114.101:80,socks5,51.339022
181.48.91.90:999,socks5,37.600948
213.246.22.139:1080,socks5,11.56591
103.9.188.229:46519,socks5,55.291915
167.86.102.12:3129,socks5,43.746093
105.112.84.117:191,socks5,53.756566
103.121.195.12:61221,socks5,57.424236
195.64.235.202:33128,socks5,26.863415
203.34.28.20:80,socks5,14.754547
103.159.243.65:5678,socks5,56.879794
103.156.218.232:8080,socks5,56.941247
140.227.70.15:3180,socks5,47.510651
172.67.254.159:116,socks5,41.667052
203.124.47.58:8080,socks5,21.641552
103.130.140.188:5678,socks5,57.428624
172.67.255.217:80,socks5,41.66583
184.181.217.210:4145,socks5,35.833686
104.16.213.231:104,socks5,55.312175
41.65.67.166:1981,socks5,4.894302
103.151.23.5:8080,socks5,57.213065
213.6.28.93:8080,socks5,11.776128
185.171.230.37:80,socks5,34.070923
181.78.18.25:999,socks5,38.074157
118.174.232.128:53505,socks5,52.056305
14.226.30.36:8080,socks5,48.221363
118.174.46.144:45764,socks5,52.112416
158.101.113.116:3128,socks5,45.751396
158.69.64.142:203,socks5,45.702364
203.24.103.140:80,socks5,20.125906
118.173.230.19:1080,socks5,52.252295
103.70.79.3:8080,socks5,56.547347
103.12.151.6:37983,socks5,58.396031
103.16.69.126:83,socks5,57.771041
41.73.253.234:4145,socks5,5.85898
194.85.135.243:4145,socks5,28.366685
140.237.14.92:4216,socks5,48.58526
194.67.9.178:4153,socks5,28.431564
41.65.55.2:1981,socks5,5.965184
140.83.32.254:46,socks5,48.68038
43.129.29.58:8090,socks5,6.067525
181.3.84.111:1080,socks5,39.421747
203.30.190.130:80,socks5,18.168217
181.225.54.38:999,socks5,39.607531
181.49.212.122:5678,socks5,39.447377
181.36.121.222:999,socks5,39.526992
200.16.208.187:8080,socks5,26.337066
181.3.253.74:1080,socks5,39.607842
181.3.70.56:1080,socks5,39.589862
181.7.220.83:7071,socks5,39.458887
195.177.217.131:25309,socks5,28.848918
203.30.188.98:80,socks5,19.419668
140.227.162.40:3128,socks5,49.477557
200.146.77.133:80,socks5,26.467346
103.156.141.214:1080,socks5,59.134204
39.72.150.156:38801,socks5,7.840488
188.190.101.143:4145,socks5,33.395906
